codeally@6adb9a65e05a:~/project$ mkdir periodic_table
codeally@6adb9a65e05a:~/project$ cd periodic_table
codeally@6adb9a65e05a:~/project/periodic_table$ git init
Initialized empty Git repository in /home/codeally/project/periodic_table/.git/
codeally@6adb9a65e05a:~/project/periodic_table$ git branch
codeally@6adb9a65e05a:~/project/periodic_table$ git branch
codeally@6adb9a65e05a:~/project/periodic_table$ cd ..
codeally@6adb9a65e05a:~/project$ psql --username=freecodecamp --dbname=periodic_table
psql (12.9 (Ubuntu 12.9-2.pgdg20.04+1))
Type "help" for help.

periodic_table=> \d
             List of relations
 Schema |    Name    | Type  |    Owner     
--------+------------+-------+--------------
 public | elements   | table | freecodecamp
 public | properties | table | freecodecamp
(2 rows)

periodic_table=> \d elements
                        Table "public.elements"
    Column     |         Type          | Collation | Nullable | Default 
---------------+-----------------------+-----------+----------+---------
 atomic_number | integer               |           | not null | 
 symbol        | character varying(2)  |           |          | 
 name          | character varying(40) |           |          | 
Indexes:
    "elements_pkey" PRIMARY KEY, btree (atomic_number)
    "elements_atomic_number_key" UNIQUE CONSTRAINT, btree (atomic_number)

periodic_table=> \d properties
                       Table "public.properties"
    Column     |         Type          | Collation | Nullable | Default 
---------------+-----------------------+-----------+----------+---------
 atomic_number | integer               |           | not null | 
 type          | character varying(30) |           |          | 
 weight        | numeric(9,6)          |           | not null | 
 melting_point | numeric               |           |          | 
 boiling_point | numeric               |           |          | 
Indexes:
    "properties_pkey" PRIMARY KEY, btree (atomic_number)
    "properties_atomic_number_key" UNIQUE CONSTRAINT, btree (atomic_number)

periodic_table=> alter table properties rename weight to atomic_mass;
ALTER TABLE
periodic_table=> alter table properties rename melting_point to melting_point_celsius;
ALTER TABLE
periodic_table=> alter table properties rename boiling_point to boiling_point_celsius;
ALTER TABLE
periodic_table=> alter table properties alter column melting_point_celsius set not null;
ALTER TABLE
periodic_table=> alter table properties alter column boiling_point_celsius set not null;
ALTER TABLE
periodic_table=> alter table elements add unique (name);
ALTER TABLE
periodic_table=> alter table elements add unique (symbol);
ALTER TABLE
periodic_table=> alter table elements alter column symbol set not null;
ALTER TABLE
periodic_table=> alter table elements alter column name set not null;
ALTER TABLE
periodic_table=> alter table elements add foreign key (atomic_number) references properties(atomic_number);
ALTER TABLE
periodic_table=> alter table properties add foreign key (atomic_number) references elements(atomic_number);
ALTER TABLE
periodic_table=> \d elements;
                        Table "public.elements"
    Column     |         Type          | Collation | Nullable | Default 
---------------+-----------------------+-----------+----------+---------
 atomic_number | integer               |           | not null | 
 symbol        | character varying(2)  |           | not null | 
 name          | character varying(40) |           | not null | 
Indexes:
    "elements_pkey" PRIMARY KEY, btree (atomic_number)
    "elements_atomic_number_key" UNIQUE CONSTRAINT, btree (atomic_number)
    "elements_name_key" UNIQUE CONSTRAINT, btree (name)
    "elements_symbol_key" UNIQUE CONSTRAINT, btree (symbol)
Foreign-key constraints:
    "elements_atomic_number_fkey" FOREIGN KEY (atomic_number) REFERENCES properties(atomic_number)
Referenced by:
    TABLE "properties" CONSTRAINT "properties_atomic_number_fkey" FOREIGN KEY (atomic_number) REFERENCES elements(atomic_number)

periodic_table=> alter table elements drop constaint elements_atomic_number_fkey;
ERROR:  syntax error at or near "elements_atomic_number_fkey"
LINE 1: alter table elements drop constaint elements_atomic_number_f...
                                            ^
periodic_table=> alter table elements drop constaints elements_atomic_number_fkey;
ERROR:  syntax error at or near "elements_atomic_number_fkey"
LINE 1: alter table elements drop constaints elements_atomic_number_...
                                             ^
periodic_table=> alter table elements drop constraint elements_atomic_number_fkey;
ALTER TABLE
periodic_table=> create table types();
CREATE TABLE
periodic_table=> alter table types add column type_id serial;
ALTER TABLE
periodic_table=> alter table types add primary key (type_id);
ALTER TABLE
periodic_table=> select * from properties;
 atomic_number |   type    | atomic_mass | melting_point_celsius | boiling_point_celsius 
---------------+-----------+-------------+-----------------------+-----------------------
             1 | nonmetal  |    1.008000 |                -259.1 |                -252.9
             2 | nonmetal  |    4.002600 |                -272.2 |                  -269
             3 | metal     |    6.940000 |                180.54 |                  1342
             4 | metal     |    9.012200 |                  1287 |                  2470
             5 | metalloid |   10.810000 |                  2075 |                  4000
             6 | nonmetal  |   12.011000 |                  3550 |                  4027
             7 | nonmetal  |   14.007000 |                -210.1 |                -195.8
             8 | nonmetal  |   15.999000 |                  -218 |                  -183
          1000 | metalloid |    1.000000 |                    10 |                   100
(9 rows)

periodic_table=> alter table types add column type varchar;
ALTER TABLE
periodic_table=> alter table types alter column type set not null;
ALTER TABLE
periodic_table=> insert into types (type) values ('nonmetal'), ('metal'), ('metalloid');
INSERT 0 3
periodic_table=> alter table properties add column type_id int;
ALTER TABLE
periodic_table=> select * from properties;
 atomic_number |   type    | atomic_mass | melting_point_celsius | boiling_point_celsius | type_id 
---------------+-----------+-------------+-----------------------+-----------------------+---------
             1 | nonmetal  |    1.008000 |                -259.1 |                -252.9 |        
             2 | nonmetal  |    4.002600 |                -272.2 |                  -269 |        
             3 | metal     |    6.940000 |                180.54 |                  1342 |        
             4 | metal     |    9.012200 |                  1287 |                  2470 |        
             5 | metalloid |   10.810000 |                  2075 |                  4000 |        
             6 | nonmetal  |   12.011000 |                  3550 |                  4027 |        
             7 | nonmetal  |   14.007000 |                -210.1 |                -195.8 |        
             8 | nonmetal  |   15.999000 |                  -218 |                  -183 |        
          1000 | metalloid |    1.000000 |                    10 |                   100 |        
(9 rows)

periodic_table=>update propertes set type_id=1 where type='nonmetal';
ERROR:  relation "roperties" does not exist
LINE 1: update roperties set type_id=1 where type='nonmetal';
               ^
periodic_table=> update properties set type_id=1 where type='nonmetal';
UPDATE 5
periodic_table=> update properties set type_id=2 where type='metal';
UPDATE 2
periodic_table=> update properties set type_id=3 where type='metalloid';
UPDATE 2
periodic_table=> alter table properties alter column type_id set not null;
ALTER TABLE
periodic_table=> alter table properties add foreign key (type_id) references types(type_id);
ALTER TABLE
periodic_table=> select * from elements;
 atomic_number | symbol |   name    
---------------+--------+-----------
             1 | H      | Hydrogen
             2 | he     | Helium
             3 | li     | Lithium
             4 | Be     | Beryllium
             5 | B      | Boron
             6 | C      | Carbon
             7 | N      | Nitrogen
             8 | O      | Oxygen
          1000 | mT     | moTanium
(9 rows)

periodic_table=> update elements set symbol=initcap(symbol) where atomic_number=2;
UPDATE 1
periodic_table=> select * form symbols;
ERROR:  syntax error at or near "form"
LINE 1: select * form symbols;
                 ^
periodic_table=> select * from symbols;
ERROR:  relation "symbols" does not exist
LINE 1: select * from symbols;
                      ^
periodic_table=> select * from elements;
 atomic_number | symbol |   name    
---------------+--------+-----------
             1 | H      | Hydrogen
             3 | li     | Lithium
             4 | Be     | Beryllium
             5 | B      | Boron
             6 | C      | Carbon
             7 | N      | Nitrogen
             8 | O      | Oxygen
          1000 | mT     | moTanium
             2 | He     | Helium
(9 rows)

periodic_table=> update elements set symbol=initcap(symbol);
UPDATE 9
periodic_table=> select * from elements;
 atomic_number | symbol |   name    
---------------+--------+-----------
             1 | H      | Hydrogen
             3 | Li     | Lithium
             4 | Be     | Beryllium
             5 | B      | Boron
             6 | C      | Carbon
             7 | N      | Nitrogen
             8 | O      | Oxygen
          1000 | Mt     | moTanium
             2 | He     | Helium
(9 rows)

periodic_table=> select * from properties;
 atomic_number |   type    | atomic_mass | melting_point_celsius | boiling_point_celsius | type_id 
---------------+-----------+-------------+-----------------------+-----------------------+---------
             1 | nonmetal  |    1.008000 |                -259.1 |                -252.9 |       1
             2 | nonmetal  |    4.002600 |                -272.2 |                  -269 |       1
             6 | nonmetal  |   12.011000 |                  3550 |                  4027 |       1
             7 | nonmetal  |   14.007000 |                -210.1 |                -195.8 |       1
             8 | nonmetal  |   15.999000 |                  -218 |                  -183 |       1
             3 | metal     |    6.940000 |                180.54 |                  1342 |       2
             4 | metal     |    9.012200 |                  1287 |                  2470 |       2
             5 | metalloid |   10.810000 |                  2075 |                  4000 |       3
          1000 | metalloid |    1.000000 |                    10 |                   100 |       3
(9 rows)

periodic_table=> \d properties
                           Table "public.properties"
        Column         |         Type          | Collation | Nullable | Default 
-----------------------+-----------------------+-----------+----------+---------
 atomic_number         | integer               |           | not null | 
 type                  | character varying(30) |           |          | 
 atomic_mass           | numeric(9,6)          |           | not null | 
 melting_point_celsius | numeric               |           | not null | 
 boiling_point_celsius | numeric               |           | not null | 
 type_id               | integer               |           | not null | 
Indexes:
    "properties_pkey" PRIMARY KEY, btree (atomic_number)
    "properties_atomic_number_key" UNIQUE CONSTRAINT, btree (atomic_number)
Foreign-key constraints:
    "properties_atomic_number_fkey" FOREIGN KEY (atomic_number) REFERENCES elements(atomic_number)
    "properties_type_id_fkey" FOREIGN KEY (type_id) REFERENCES types(type_id)

periodic_table=> alter table properties add column tmp_dec decimal;
ALTER TABLE
periodic_table=> \d properties;
                           Table "public.properties"
        Column         |         Type          | Collation | Nullable | Default 
-----------------------+-----------------------+-----------+----------+---------
 atomic_number         | integer               |           | not null | 
 type                  | character varying(30) |           |          | 
 atomic_mass           | numeric(9,6)          |           | not null | 
 melting_point_celsius | numeric               |           | not null | 
 boiling_point_celsius | numeric               |           | not null | 
 type_id               | integer               |           | not null | 
 tmp_dec               | numeric               |           |          | 
Indexes:
    "properties_pkey" PRIMARY KEY, btree (atomic_number)
    "properties_atomic_number_key" UNIQUE CONSTRAINT, btree (atomic_number)
Foreign-key constraints:
    "properties_atomic_number_fkey" FOREIGN KEY (atomic_number) REFERENCES elements(atomic_number)
    "properties_type_id_fkey" FOREIGN KEY (type_id) REFERENCES types(type_id)

periodic_table=> insert into properties (tmp_dec) values (1.12300);
ERROR:  null value in column "atomic_number" violates not-null constraint
DETAIL:  Failing row contains (null, null, null, null, null, null, 1.12300).
periodic_table=> insert into properties (tmp_dec) values (1.12300) where atomic_number=1;
ERROR:  syntax error at or near "where"
LINE 1: insert into properties (tmp_dec) values (1.12300) where atom...
                                                          ^
periodic_table=> insert into properties (tmp_dec) values (1) where atomic_number=1;
ERROR:  syntax error at or near "where"
LINE 1: insert into properties (tmp_dec) values (1) where atomic_num...
                                                    ^
periodic_table=> update properties set temp_dec=1.23400 where atomic_number=1;;
ERROR:  column "temp_dec" of relation "properties" does not exist
LINE 1: update properties set temp_dec=1.23400 where atomic_number=1...
                              ^
periodic_table=> update properties et tmp_dec=1.23400 where atomic_number=1;
ERROR:  syntax error at or near "tmp_dec"
LINE 1: update properties et tmp_dec=1.23400 where atomic_number=1;
                             ^
periodic_table=> update properties set tmp_dec=1.23400 where atomic_number=1;
UPDATE 1
periodic_table=> select * from properties;
 atomic_number |   type    | atomic_mass | melting_point_celsius | boiling_point_celsius | type_id | tmp_dec 
---------------+-----------+-------------+-----------------------+-----------------------+---------+---------
             2 | nonmetal  |    4.002600 |                -272.2 |                  -269 |       1 |        
             6 | nonmetal  |   12.011000 |                  3550 |                  4027 |       1 |        
             7 | nonmetal  |   14.007000 |                -210.1 |                -195.8 |       1 |        
             8 | nonmetal  |   15.999000 |                  -218 |                  -183 |       1 |        
             3 | metal     |    6.940000 |                180.54 |                  1342 |       2 |        
             4 | metal     |    9.012200 |                  1287 |                  2470 |       2 |        
             5 | metalloid |   10.810000 |                  2075 |                  4000 |       3 |        
          1000 | metalloid |    1.000000 |                    10 |                   100 |       3 |        
             1 | nonmetal  |    1.008000 |                -259.1 |                -252.9 |       1 | 1.23400
(9 rows)

periodic_table=> alter table properties alter column tmp_dec type decimal;
ALTER TABLE
periodic_table=> select * form properties;
ERROR:  syntax error at or near "form"
LINE 1: select * form properties;
                 ^
periodic_table=> select * from properties;
 atomic_number |   type    | atomic_mass | melting_point_celsius | boiling_point_celsius | type_id | tmp_dec 
---------------+-----------+-------------+-----------------------+-----------------------+---------+---------
             2 | nonmetal  |    4.002600 |                -272.2 |                  -269 |       1 |        
             6 | nonmetal  |   12.011000 |                  3550 |                  4027 |       1 |        
             7 | nonmetal  |   14.007000 |                -210.1 |                -195.8 |       1 |        
             8 | nonmetal  |   15.999000 |                  -218 |                  -183 |       1 |        
             3 | metal     |    6.940000 |                180.54 |                  1342 |       2 |        
             4 | metal     |    9.012200 |                  1287 |                  2470 |       2 |        
             5 | metalloid |   10.810000 |                  2075 |                  4000 |       3 |        
          1000 | metalloid |    1.000000 |                    10 |                   100 |       3 |        
             1 | nonmetal  |    1.008000 |                -259.1 |                -252.9 |       1 | 1.23400
(9 rows)

periodic_table=> \d properties;
                           Table "public.properties"
        Column         |         Type          | Collation | Nullable | Default 
-----------------------+-----------------------+-----------+----------+---------
 atomic_number         | integer               |           | not null | 
 type                  | character varying(30) |           |          | 
 atomic_mass           | numeric(9,6)          |           | not null | 
 melting_point_celsius | numeric               |           | not null | 
 boiling_point_celsius | numeric               |           | not null | 
 type_id               | integer               |           | not null | 
 tmp_dec               | numeric               |           |          | 
Indexes:
    "properties_pkey" PRIMARY KEY, btree (atomic_number)
    "properties_atomic_number_key" UNIQUE CONSTRAINT, btree (atomic_number)
Foreign-key constraints:
    "properties_atomic_number_fkey" FOREIGN KEY (atomic_number) REFERENCES elements(atomic_number)
    "properties_type_id_fkey" FOREIGN KEY (type_id) REFERENCES types(type_id)

periodic_table=> select tmp_dec from properties where atomic_number=1;
 tmp_dec 
---------
 1.23400
(1 row)

periodic_table=> select trim(tmp_dec) from properties where atomic_number=1;
ERROR:  function pg_catalog.btrim(numeric) does not exist
LINE 1: select trim(tmp_dec) from properties where atomic_number=1;
               ^
HINT:  No function matches the given name and argument types. You might need to add explicit type casts.
periodic_table=> select trim(trailing '0' from cast(tmp_dec as varchar(20))) from properties where atomic_number=1;
 rtrim 
-------
 1.234
(1 row)

periodic_table=> updade properties set tmp_dec=trim(trailing '0' from cast(atomic_mass as varchar(20)));
ERROR:  syntax error at or near "updade"
LINE 1: updade properties set tmp_dec=trim(trailing '0' from cast(at...
        ^
periodic_table=> updade properties set tmp_dec=1;
ERROR:  syntax error at or near "updade"
LINE 1: updade properties set tmp_dec1;
        ^
periodic_table=> update properties set tmp_dec=trim(trailing '0' from cast(atomic_mass as varchar(20)));
ERROR:  column "tmp_dec" is of type numeric but expression is of type text
LINE 1: update properties set tmp_dec=trim(trailing '0' from cast(at...
                                      ^
HINT:  You will need to rewrite or cast the expression.
periodic_table=> update properties set tmp_dec=cast(trim(trailing '0' from cast(atomic_mass as varchar(20))) to decimal);
ERROR:  syntax error at or near "to"
LINE 1: ...ailing '0' from cast(atomic_mass as varchar(20))) to decimal...
                                                             ^
periodic_table=> update properties set tmp_dec=cast(trim(trailing '0' from cast(atomic_mass as varchar(20))) as decimal);
periodic_table(> );
periodic_table(> 
periodic_table(> 
periodic_table(> \d properties;
                           Table "public.properties"
        Column         |         Type          | Collation | Nullable | Default 
-----------------------+-----------------------+-----------+----------+---------
 atomic_number         | integer               |           | not null | 
 type                  | character varying(30) |           |          | 
 atomic_mass           | numeric(9,6)          |           | not null | 
 melting_point_celsius | numeric               |           | not null | 
 boiling_point_celsius | numeric               |           | not null | 
 type_id               | integer               |           | not null | 
 tmp_dec               | numeric               |           |          | 
Indexes:
    "properties_pkey" PRIMARY KEY, btree (atomic_number)
    "properties_atomic_number_key" UNIQUE CONSTRAINT, btree (atomic_number)
Foreign-key constraints:
    "properties_atomic_number_fkey" FOREIGN KEY (atomic_number) REFERENCES elements(atomic_number)
    "properties_type_id_fkey" FOREIGN KEY (type_id) REFERENCES types(type_id)

periodic_table(> select * from properties;
periodic_table(> ^C
periodic_table=> 
periodic_table=> select * form properties
periodic_table-> ;
ERROR:  syntax error at or near "form"
LINE 1: select * form properties
                 ^
periodic_table=> select * from properties;
 atomic_number |   type    | atomic_mass | melting_point_celsius | boiling_point_celsius | type_id | tmp_dec 
---------------+-----------+-------------+-----------------------+-----------------------+---------+---------
             2 | nonmetal  |    4.002600 |                -272.2 |                  -269 |       1 |        
             6 | nonmetal  |   12.011000 |                  3550 |                  4027 |       1 |        
             7 | nonmetal  |   14.007000 |                -210.1 |                -195.8 |       1 |        
             8 | nonmetal  |   15.999000 |                  -218 |                  -183 |       1 |        
             3 | metal     |    6.940000 |                180.54 |                  1342 |       2 |        
             4 | metal     |    9.012200 |                  1287 |                  2470 |       2 |        
             5 | metalloid |   10.810000 |                  2075 |                  4000 |       3 |        
          1000 | metalloid |    1.000000 |                    10 |                   100 |       3 |        
             1 | nonmetal  |    1.008000 |                -259.1 |                -252.9 |       1 | 1.23400
(9 rows)

periodic_table=> update properties set tmp_dec=cast(trim(trailing '0' from cast(atomic_mass as varchar(20))) as decimal);
UPDATE 9
periodic_table=> select * from properties;
 atomic_number |   type    | atomic_mass | melting_point_celsius | boiling_point_celsius | type_id | tmp_dec 
---------------+-----------+-------------+-----------------------+-----------------------+---------+---------
             2 | nonmetal  |    4.002600 |                -272.2 |                  -269 |       1 |  4.0026
             6 | nonmetal  |   12.011000 |                  3550 |                  4027 |       1 |  12.011
             7 | nonmetal  |   14.007000 |                -210.1 |                -195.8 |       1 |  14.007
             8 | nonmetal  |   15.999000 |                  -218 |                  -183 |       1 |  15.999
             3 | metal     |    6.940000 |                180.54 |                  1342 |       2 |    6.94
             4 | metal     |    9.012200 |                  1287 |                  2470 |       2 |  9.0122
             5 | metalloid |   10.810000 |                  2075 |                  4000 |       3 |   10.81
          1000 | metalloid |    1.000000 |                    10 |                   100 |       3 |       1
             1 | nonmetal  |    1.008000 |                -259.1 |                -252.9 |       1 |   1.008
(9 rows)

periodic_table=> alter table properties alter column atomic_mass type decimal;
ALTER TABLE
periodic_table=> select * form properties;
ERROR:  syntax error at or near "form"
LINE 1: select * form properties;
                 ^
periodic_table=> select* from properties;
 atomic_number |   type    | atomic_mass | melting_point_celsius | boiling_point_celsius | type_id | tmp_dec 
---------------+-----------+-------------+-----------------------+-----------------------+---------+---------
             2 | nonmetal  |    4.002600 |                -272.2 |                  -269 |       1 |  4.0026
             6 | nonmetal  |   12.011000 |                  3550 |                  4027 |       1 |  12.011
             7 | nonmetal  |   14.007000 |                -210.1 |                -195.8 |       1 |  14.007
             8 | nonmetal  |   15.999000 |                  -218 |                  -183 |       1 |  15.999
             3 | metal     |    6.940000 |                180.54 |                  1342 |       2 |    6.94
             4 | metal     |    9.012200 |                  1287 |                  2470 |       2 |  9.0122
             5 | metalloid |   10.810000 |                  2075 |                  4000 |       3 |   10.81
          1000 | metalloid |    1.000000 |                    10 |                   100 |       3 |       1
             1 | nonmetal  |    1.008000 |                -259.1 |                -252.9 |       1 |   1.008
(9 rows)

periodic_table=> update properties set atomic_mass=tmp_dec;
UPDATE 9
periodic_table=> select* from properties;
 atomic_number |   type    | atomic_mass | melting_point_celsius | boiling_point_celsius | type_id | tmp_dec 
---------------+-----------+-------------+-----------------------+-----------------------+---------+---------
             2 | nonmetal  |      4.0026 |                -272.2 |                  -269 |       1 |  4.0026
             6 | nonmetal  |      12.011 |                  3550 |                  4027 |       1 |  12.011
             7 | nonmetal  |      14.007 |                -210.1 |                -195.8 |       1 |  14.007
             8 | nonmetal  |      15.999 |                  -218 |                  -183 |       1 |  15.999
             3 | metal     |        6.94 |                180.54 |                  1342 |       2 |    6.94
             4 | metal     |      9.0122 |                  1287 |                  2470 |       2 |  9.0122
             5 | metalloid |       10.81 |                  2075 |                  4000 |       3 |   10.81
          1000 | metalloid |           1 |                    10 |                   100 |       3 |       1
             1 | nonmetal  |       1.008 |                -259.1 |                -252.9 |       1 |   1.008
(9 rows)

periodic_table=> alter table properties drop column tmp_dec;
ALTER TABLE
periodic_table=> select * from properties;
 atomic_number |   type    | atomic_mass | melting_point_celsius | boiling_point_celsius | type_id 
---------------+-----------+-------------+-----------------------+-----------------------+---------
             2 | nonmetal  |      4.0026 |                -272.2 |                  -269 |       1
             6 | nonmetal  |      12.011 |                  3550 |                  4027 |       1
             7 | nonmetal  |      14.007 |                -210.1 |                -195.8 |       1
             8 | nonmetal  |      15.999 |                  -218 |                  -183 |       1
             3 | metal     |        6.94 |                180.54 |                  1342 |       2
             4 | metal     |      9.0122 |                  1287 |                  2470 |       2
             5 | metalloid |       10.81 |                  2075 |                  4000 |       3
          1000 | metalloid |           1 |                    10 |                   100 |       3
             1 | nonmetal  |       1.008 |                -259.1 |                -252.9 |       1
(9 rows)

periodic_table=> delete from properties where atomic_number=1000;
DELETE 1
periodic_table=> select * from properties;
 atomic_number |   type    | atomic_mass | melting_point_celsius | boiling_point_celsius | type_id 
---------------+-----------+-------------+-----------------------+-----------------------+---------
             2 | nonmetal  |      4.0026 |                -272.2 |                  -269 |       1
             6 | nonmetal  |      12.011 |                  3550 |                  4027 |       1
             7 | nonmetal  |      14.007 |                -210.1 |                -195.8 |       1
             8 | nonmetal  |      15.999 |                  -218 |                  -183 |       1
             3 | metal     |        6.94 |                180.54 |                  1342 |       2
             4 | metal     |      9.0122 |                  1287 |                  2470 |       2
             5 | metalloid |       10.81 |                  2075 |                  4000 |       3
             1 | nonmetal  |       1.008 |                -259.1 |                -252.9 |       1
(8 rows)

periodic_table=> alter table properties drop column type;
ALTER TABLE
periodic_table=> select * from properties;
 atomic_number | atomic_mass | melting_point_celsius | boiling_point_celsius | type_id 
---------------+-------------+-----------------------+-----------------------+---------
             2 |      4.0026 |                -272.2 |                  -269 |       1
             6 |      12.011 |                  3550 |                  4027 |       1
             7 |      14.007 |                -210.1 |                -195.8 |       1
             8 |      15.999 |                  -218 |                  -183 |       1
             3 |        6.94 |                180.54 |                  1342 |       2
             4 |      9.0122 |                  1287 |                  2470 |       2
             5 |       10.81 |                  2075 |                  4000 |       3
             1 |       1.008 |                -259.1 |                -252.9 |       1
(8 rows)

periodic_table=> \l
                                List of databases
      Name      |  Owner   | Encoding | Collate |  Ctype  |   Access privileges   
----------------+----------+----------+---------+---------+-----------------------
 periodic_table | postgres | UTF8     | C.UTF-8 | C.UTF-8 | 
 postgres       | postgres | UTF8     | C.UTF-8 | C.UTF-8 | 
 template0      | postgres | UTF8     | C.UTF-8 | C.UTF-8 | =c/postgres          +
                |          |          |         |         | postgres=CTc/postgres
 template1      | postgres | UTF8     | C.UTF-8 | C.UTF-8 | =c/postgres          +
                |          |          |         |         | postgres=CTc/postgres
(4 rows)

periodic_table=> \d
                  List of relations
 Schema |       Name        |   Type   |    Owner     
--------+-------------------+----------+--------------
 public | elements          | table    | freecodecamp
 public | properties        | table    | freecodecamp
 public | types             | table    | freecodecamp
 public | types_type_id_seq | sequence | freecodecamp
(4 rows)

periodic_table=> select * form elements;
ERROR:  syntax error at or near "form"
LINE 1: select * form elements;
                 ^
periodic_table=> select * from elements;
 atomic_number | symbol |   name    
---------------+--------+-----------
             1 | H      | Hydrogen
             3 | Li     | Lithium
             4 | Be     | Beryllium
             5 | B      | Boron
             6 | C      | Carbon
             7 | N      | Nitrogen
             8 | O      | Oxygen
          1000 | Mt     | moTanium
             2 | He     | Helium
(9 rows)

periodic_table=> delete from elements where atomic_number=1000;
DELETE 1
periodic_table=> select * from properties;
 atomic_number | atomic_mass | melting_point_celsius | boiling_point_celsius | type_id 
---------------+-------------+-----------------------+-----------------------+---------
             2 |      4.0026 |                -272.2 |                  -269 |       1
             6 |      12.011 |                  3550 |                  4027 |       1
             7 |      14.007 |                -210.1 |                -195.8 |       1
             8 |      15.999 |                  -218 |                  -183 |       1
             3 |        6.94 |                180.54 |                  1342 |       2
             4 |      9.0122 |                  1287 |                  2470 |       2
             5 |       10.81 |                  2075 |                  4000 |       3
             1 |       1.008 |                -259.1 |                -252.9 |       1
(8 rows)

periodic_table=> select * from elements;
 atomic_number | symbol |   name    
---------------+--------+-----------
             1 | H      | Hydrogen
             3 | Li     | Lithium
             4 | Be     | Beryllium
             5 | B      | Boron
             6 | C      | Carbon
             7 | N      | Nitrogen
             8 | O      | Oxygen
             2 | He     | Helium
(8 rows)

periodic_table=> insert into elements (atomic_number, symbol, name) values (9, 'F', 'Fluorine');
INSERT 0 1
periodic_table=> select * from elements;
 atomic_number | symbol |   name    
---------------+--------+-----------
             1 | H      | Hydrogen
             3 | Li     | Lithium
             4 | Be     | Beryllium
             5 | B      | Boron
             6 | C      | Carbon
             7 | N      | Nitrogen
             8 | O      | Oxygen
             2 | He     | Helium
             9 | F      | Fluorine
(9 rows)

periodic_table=> insert into elements (atomic_number, symbol, name) values (10, 'Ne', 'Neon');
INSERT 0 1
periodic_table=> select * from properties;
 atomic_number | atomic_mass | melting_point_celsius | boiling_point_celsius | type_id 
---------------+-------------+-----------------------+-----------------------+---------
             2 |      4.0026 |                -272.2 |                  -269 |       1
             6 |      12.011 |                  3550 |                  4027 |       1
             7 |      14.007 |                -210.1 |                -195.8 |       1
             8 |      15.999 |                  -218 |                  -183 |       1
             3 |        6.94 |                180.54 |                  1342 |       2
             4 |      9.0122 |                  1287 |                  2470 |       2
             5 |       10.81 |                  2075 |                  4000 |       3
             1 |       1.008 |                -259.1 |                -252.9 |       1
(8 rows)

periodic_table=> insert into properties (atomic_number, atomic_mass, melting_point_celsius, boiling_point_celsius, type_id) values (9, 18.998, -220, -188.1, 1);
INSERT 0 1
periodic_table=> insert into properties (atomic_number, atomic_mass, melting_point_celsius, boiling_point_celsius, type_id) values (10, 10.18, -248.6, -246.1, 1);
INSERT 0 1
periodic_table=> update properties set melting_point_celsius=20.18 where atomic_number=10;
UPDATE 1
periodic_table=> select * from slements;
ERROR:  relation "slements" does not exist
LINE 1: select * from slements;
                      ^
periodic_table=> select * from elements;
 atomic_number | symbol |   name    
---------------+--------+-----------
             1 | H      | Hydrogen
             3 | Li     | Lithium
             4 | Be     | Beryllium
             5 | B      | Boron
             6 | C      | Carbon
             7 | N      | Nitrogen
             8 | O      | Oxygen
             2 | He     | Helium
             9 | F      | Fluorine
            10 | Ne     | Neon
(10 rows)

periodic_table=> select * from properties;
 atomic_number | atomic_mass | melting_point_celsius | boiling_point_celsius | type_id 
---------------+-------------+-----------------------+-----------------------+---------
             2 |      4.0026 |                -272.2 |                  -269 |       1
             6 |      12.011 |                  3550 |                  4027 |       1
             7 |      14.007 |                -210.1 |                -195.8 |       1
             8 |      15.999 |                  -218 |                  -183 |       1
             3 |        6.94 |                180.54 |                  1342 |       2
             4 |      9.0122 |                  1287 |                  2470 |       2
             5 |       10.81 |                  2075 |                  4000 |       3
             1 |       1.008 |                -259.1 |                -252.9 |       1
             9 |      18.998 |                  -220 |                -188.1 |       1
            10 |       10.18 |                 20.18 |                -246.1 |       1
(10 rows)

periodic_table=> update properties set melting_point_celsius=-248.6 where atomic_number=10;
UPDATE 1
periodic_table=> update properties set atomic_mass=20.18 where atomic_number=10;
UPDATE 1
periodic_table=> 

The element with atomic number 1 is Hydrogen (H). It's a nonmetal, with a mass of 1.008 amu. Hydrogen has a melting point of -259.1 celsius and a boiling point of -252.9 celsius.
The element with atomic number 1 is Hydrogen (H). It's a nonmetal, with a mass of 1.008 amu. Hydrogen has a melting point of -259.1 celsius and a boiling point of -252.9 celsius.
